<?xml version="1.0" encoding="UTF-8"?>
<project-private xmlns="http://www.netbeans.org/ns/project-private/1">
    <data xmlns="http://www.netbeans.org/ns/make-project-private/1">
        <activeConfTypeElem>1</activeConfTypeElem>
        <activeConfIndexElem>1</activeConfIndexElem>
    </data>
    <editor-bookmarks xmlns="http://www.netbeans.org/ns/editor-bookmarks/2" lastBookmarkId="1">
        <file>
            <url>Object.h</url>
            <bookmark id="1">
                <name/>
                <line>22</line>
                <key/>
            </bookmark>
        </file>
    </editor-bookmarks>
    <open-files xmlns="http://www.netbeans.org/ns/projectui-open-files/2">
        <group>
            <file>file:/home/isaac/Programming/snow/SnowSim/Grid.h</file>
            <file>file:/home/isaac/Programming/snow/SnowSim/Particle.h</file>
            <file>file:/home/isaac/Programming/snow/SnowSim/main.cpp</file>
            <file>file:/home/isaac/Programming/snow/SnowSim/SimConstants.h</file>
        </group>
    </open-files>
</project-private>
