<?xml version="1.0"?>

<CubeOmniverse filedescription = "Node Tree">
	
	<copyright>
		<software name = "Cube Omniverse"/>
		<author name   = "Agapi Simon"/>
		<date year     = "2015"/>	
		<warning note  = "All rights reserved"/>
	</copyright>
	
	<NodeTypes>
		<Node Type ="Vector"/>
		<Node Type ="Matrix"/>
		<Node Type ="Quaternion"/>
		<Node Type ="Euler"/>
		<Node Type ="Array"/>
		<Node Type ="String"/>
		<Node Type ="Number"/>		
	
	</NodeTypes>

	<NodeTree>
		<Vector name="Vector"  description ="Vector Nodes">   
			<Node class="NodeVectorAdd"           name ="Vector Addition">        </Node> 
			<Node class="NodeVectorSub"           name ="Vector Subtraction">     </Node>   
			<Node class="NodeVectorCompose"       name ="Vector Compose">         </Node>   
			<Node class="NodeVectorDecompose"     name ="Vector Decompose">       </Node>   
			<Node class="NodeVectorCross"         name ="Vector Cross">           </Node>   
			<Node class="NodeVectorDot"           name ="Vector Dot">             </Node>   
			<Node class="NodeVectorReflect"       name ="Vector Reflect">         </Node>   
			<Node class="NodeVectorRefract"       name ="Vector Refract">         </Node> 
			<Node class="NodeVectorScalar"        name ="Vector Scalar">          </Node> 
			<Node class="NodeVectorResize"        name ="Vector Resize">          </Node> 
			<Node class="NodeVectorLength"        name ="Vector Length">          </Node> 
			<Node class="NodeVectorDistance"      name ="Vector Distance">        </Node>
			<Node class="NodeVectorProject"       name ="Vector Project">         </Node>   
			<Node class="NodeVectorOrthogonilize" name ="Vector Orthogonilize">   </Node> 
			<Node class="NodeVectorNormalize"     name ="Vector Normalize">       </Node> 
			<Node class="NodeVectorRandom"        name ="Vector Random">          </Node>     
		</Vector>	
		
			
		
		<Matrix  name="Matrix" description ="Matrix Nodes">     
	    </Matrix>
	    
		<Quaternion name="Quaternion" description ="Quaternion Nodes">  
		</Quaternion>
		
		<Euler   name="Euler" description ="Euler Nodes">       
		</Euler>
		
		<Arrays  name="Array" description ="Array Nodes">      
		</Arrays>
		
		<Strings  name="String" description ="Array Nodes">     
		</Strings>
		
		<Numbers  name="Number" description ="Number Nodes">    
	    </Numbers>
	    
		<Scene  name="Scene" description ="Scene Nodes">       
		</Scene>
		
		<Interpolation  name="Interpolation" description ="Interpolation Nodes">
		</Interpolation>
		
		<Distribution  name="Distribution" description ="Distribution Nodes">		
		</Distribution>
		
		<Geometry  name="Geometry" description ="Geometry Nodes">    
		</Geometry>
		
		<Particle  name="Particle" description ="Particles Nodes">   
		</Particle>
		
		<File  name="Files" description ="File Nodes">       
		</File>
		
		<Sound  name="Sound" description ="Sound Nodes">       
		</Sound>
		
		<Ray name="Ray" description ="Ray Nodes">        
		</Ray>
		
		<Camera  name="Camera" description ="Camera Nodes">      
		</Camera>	
		
		<Random  name="Random" description ="Random Nodes"></Random>	
	</NodeTree>

</CubeOmniverse>
