<?xml version="1.0" encoding="UTF-8"?>
<configurationDescriptor version="90">
  <logicalFolder name="root" displayName="root" projectFiles="true" kind="ROOT">
    <logicalFolder name="HeaderFiles"
                   displayName="Header Files"
                   projectFiles="true">
      <itemPath>Grid.h</itemPath>
      <itemPath>Matrix2f.h</itemPath>
      <itemPath>Particle.h</itemPath>
      <itemPath>PointCloud.h</itemPath>
      <itemPath>Shape.h</itemPath>
      <itemPath>SimConstants.h</itemPath>
      <itemPath>Vector2f.h</itemPath>
      <itemPath>main.h</itemPath>
    </logicalFolder>
    <logicalFolder name="ResourceFiles"
                   displayName="Resource Files"
                   projectFiles="true">
    </logicalFolder>
    <logicalFolder name="SourceFiles"
                   displayName="Source Files"
                   projectFiles="true">
      <itemPath>Grid.cpp</itemPath>
      <itemPath>Matrix2f.cpp</itemPath>
      <itemPath>Particle.cpp</itemPath>
      <itemPath>PointCloud.cpp</itemPath>
      <itemPath>Shape.cpp</itemPath>
      <itemPath>Vector2f.cpp</itemPath>
      <itemPath>main.cpp</itemPath>
    </logicalFolder>
    <logicalFolder name="TestFiles"
                   displayName="Test Files"
                   projectFiles="false"
                   kind="TEST_LOGICAL_FOLDER">
    </logicalFolder>
    <logicalFolder name="ExternalFiles"
                   displayName="Important Files"
                   projectFiles="false"
                   kind="IMPORTANT_FILES_FOLDER">
      <itemPath>Makefile</itemPath>
    </logicalFolder>
    <logicalFolder name="TestFiles"
                   displayName="Test Files"
                   projectFiles="false"
                   kind="TEST_LOGICAL_FOLDER">
    </logicalFolder>
    <logicalFolder name="ExternalFiles"
                   displayName="Important Files"
                   projectFiles="false"
                   kind="IMPORTANT_FILES_FOLDER">
      <itemPath>Makefile</itemPath>
    </logicalFolder>
  </logicalFolder>
  <projectmakefile>Makefile</projectmakefile>
  <confs>
    <conf name="Debug" type="1">
      <toolsSet>
        <compilerSet>default</compilerSet>
        <dependencyChecking>true</dependencyChecking>
        <rebuildPropChanged>false</rebuildPropChanged>
      </toolsSet>
      <compileType>
        <linkerTool>
          <commandLine>glfw3/libglfw3.a freeimage/libfreeimage.a -lGL -lX11 -lXxf86vm -lm -lpthread -lXrandr -lXi</commandLine>
        </linkerTool>
      </compileType>
      <item path="Grid.cpp" ex="false" tool="1" flavor2="0">
      </item>
      <item path="Grid.h" ex="false" tool="3" flavor2="0">
      </item>
      <item path="Matrix2f.cpp" ex="false" tool="1" flavor2="0">
      </item>
      <item path="Matrix2f.h" ex="false" tool="3" flavor2="0">
      </item>
      <item path="Particle.cpp" ex="false" tool="1" flavor2="0">
      </item>
      <item path="Particle.h" ex="false" tool="3" flavor2="0">
      </item>
      <item path="PointCloud.cpp" ex="false" tool="1" flavor2="0">
      </item>
      <item path="PointCloud.h" ex="false" tool="3" flavor2="0">
      </item>
      <item path="Shape.cpp" ex="false" tool="1" flavor2="0">
      </item>
      <item path="Shape.h" ex="false" tool="3" flavor2="0">
      </item>
      <item path="SimConstants.h" ex="false" tool="3" flavor2="0">
      </item>
      <item path="Vector2f.cpp" ex="false" tool="1" flavor2="0">
      </item>
      <item path="Vector2f.h" ex="false" tool="3" flavor2="0">
      </item>
      <item path="main.cpp" ex="false" tool="1" flavor2="0">
      </item>
      <item path="main.h" ex="false" tool="3" flavor2="0">
      </item>
    </conf>
    <conf name="Release" type="1">
      <toolsSet>
        <compilerSet>default</compilerSet>
        <dependencyChecking>true</dependencyChecking>
        <rebuildPropChanged>false</rebuildPropChanged>
      </toolsSet>
      <compileType>
        <cTool>
          <developmentMode>5</developmentMode>
        </cTool>
        <ccTool>
          <developmentMode>6</developmentMode>
        </ccTool>
        <fortranCompilerTool>
          <developmentMode>5</developmentMode>
        </fortranCompilerTool>
        <asmTool>
          <developmentMode>5</developmentMode>
        </asmTool>
        <linkerTool>
          <commandLine>glfw3/libglfw3.a freeimage/libfreeimage.a -lGL -lX11 -lXxf86vm -lm -lpthread -lXrandr -lXi</commandLine>
        </linkerTool>
      </compileType>
      <item path="Grid.cpp" ex="false" tool="1" flavor2="0">
      </item>
      <item path="Grid.h" ex="false" tool="3" flavor2="0">
      </item>
      <item path="Matrix2f.cpp" ex="false" tool="1" flavor2="0">
      </item>
      <item path="Matrix2f.h" ex="false" tool="3" flavor2="0">
      </item>
      <item path="Particle.cpp" ex="false" tool="1" flavor2="0">
      </item>
      <item path="Particle.h" ex="false" tool="3" flavor2="0">
      </item>
      <item path="PointCloud.cpp" ex="false" tool="1" flavor2="0">
      </item>
      <item path="PointCloud.h" ex="false" tool="3" flavor2="0">
      </item>
      <item path="Shape.cpp" ex="false" tool="1" flavor2="0">
      </item>
      <item path="Shape.h" ex="false" tool="3" flavor2="0">
      </item>
      <item path="SimConstants.h" ex="false" tool="3" flavor2="0">
      </item>
      <item path="Vector2f.cpp" ex="false" tool="1" flavor2="0">
      </item>
      <item path="Vector2f.h" ex="false" tool="3" flavor2="0">
      </item>
      <item path="main.cpp" ex="false" tool="1" flavor2="0">
      </item>
      <item path="main.h" ex="false" tool="3" flavor2="0">
      </item>
    </conf>
  </confs>
</configurationDescriptor>
